Method;Avg_k1;Avg_k2;Avg_Q;F_calls
HJ;1.07107;1.12125;89253.2;491
Rosen;1.07107;1.12125;89253.2;261
